algorithm,compression_ratio,trajectory_id,trajectory_size,budget,runtime_seconds,memory_mb,throughput_traj_per_sec,hausdorff_distance,average_pte,frechet_distance,ped,dad,sed,sad,issd,original_points,simplified_points,turn_preservation,stop_preservation,original_turns,preserved_turns,preservation_ratio,original_stops,preserved_stops
vw,2.0,0,114,57,0.0794494152069091,0.0070762634277343,12.586625054391046,26.508273383307525,0.2884206983407918,26.508273383307525,0.2884206983407918,17.225337881704352,21.772264231449597,0.8741303687407809,12676.921772197042,114,57,,,,,,,
vw,5.181818181818182,0,114,22,0.0982191562652587,0.0059728622436523,10.181313279655113,47.4187558035951,1.899369908078914,74.31313425346453,1.899369908078914,31.102727201424877,43.62745687858648,1.0113490381839745,26849.755639245373,114,22,,,,,,,
vw,10.363636363636363,0,114,11,0.0988569259643554,0.0059728622436523,10.115629130128594,90.99144584244218,4.4443876405081975,90.99144584244218,4.4443876405081975,32.069958337979415,47.5607064056781,0.9763918136670796,28802.80182108621,114,11,,,,,,,
vw,22.8,0,114,5,0.1007487773895263,0.0059728622436523,9.925678761675552,259.3427953416707,24.87971896958489,259.3427953416707,24.87971896958489,57.5458978646468,163.82565663237375,1.0282407064535348,98356.09051868744,114,5,,,,,,,
squish,2.0,0,114,57,0.1039187908172607,0.0098724365234375,9.622898728281791,26.508273383307525,0.2884206983407918,26.508273383307525,0.2884206983407918,17.225337881704352,21.772264231449597,0.8741303687407809,12676.921772197042,114,57,,,,,,,
squish,5.181818181818182,0,114,22,0.1307892799377441,0.0098724365234375,7.645886577829629,47.4187558035951,1.899369908078914,74.31313425346453,1.899369908078914,31.102727201424877,43.62745687858648,1.0113490381839745,26849.755639245373,114,22,,,,,,,
squish,10.363636363636363,0,114,11,0.1380045413970947,0.0098724365234375,7.246138350785114,90.99144584244218,4.4443876405081975,90.99144584244218,4.4443876405081975,32.069958337979415,47.5607064056781,0.9763918136670796,28802.80182108621,114,11,,,,,,,
squish,22.8,0,114,5,0.137908935546875,0.0098724365234375,7.251161761451649,259.3427953416707,24.87971896958489,259.3427953416707,24.87971896958489,57.5458978646468,163.82565663237375,1.0282407064535348,98356.09051868744,114,5,,,,,,,
rw,2.111111111111111,0,114,57,0.0783147811889648,0.0144548416137695,12.768981599873356,27.002859528088635,1.297225576032588,42.54769743331264,1.297225576032588,33.71878219916475,47.17081038755558,0.8140509099247343,28497.130997339784,114,54,,,,,,,
rw,6.0,0,114,22,0.0529968738555908,0.0084428787231445,18.86903749690712,54.38177166508642,4.796827427389201,78.564033847649,4.796827427389201,35.89818934985679,67.92899901906809,0.6956814634330307,40635.91232046635,114,19,,,,,,,
rw,10.363636363636363,0,114,11,0.0253727436065673,0.0071477890014648,39.41237161838359,115.43336016864411,15.040916469913832,115.43336016864411,15.040916469913832,42.04927540881751,110.6259093894658,0.8479938584676847,65805.38809532685,114,11,,,,,,,
rw,22.8,0,114,5,0.0174417495727539,0.0070371627807617,57.333697851167365,242.09533039603272,61.45293657134904,242.09533039603272,61.53789584144968,55.465486121297324,184.2972258074259,0.9519523704445858,109747.7830719084,114,5,,,,,,,
greedy_policy,2.0,0,114,57,0.037346601486206,0.0243606567382812,26.776198106522475,33.58778087648232,0.5983505640110203,33.58778087648232,0.5983505640110203,21.911977056703996,36.97647738381627,1.476930233084134,23062.192729140792,114,57,,,,,,,
greedy_policy,5.181818181818182,0,114,22,0.0371887683868408,0.0243606567382812,26.889839147075605,155.69310845530103,3.7926383415328857,155.69310845530103,3.7926383415328857,44.73985381850314,83.567991381467,1.7359980299866788,49029.22860644615,114,22,,,,,,,
greedy_policy,10.363636363636363,0,114,11,0.0384783744812011,0.0243177413940429,25.98862383047277,259.3427953416707,14.828565960249902,259.3427953416707,14.828565960249902,83.33108760350027,132.11635383911374,1.924007394629761,76837.18974537379,114,11,,,,,,,
greedy_policy,22.8,0,114,5,0.0370354652404785,0.0243606567382812,27.001145888320952,260.933249397795,96.18313587573162,308.1957093852884,96.27452822074348,55.61630320389074,147.9832837595594,1.324867933105138,86443.46255727037,114,5,,,,,,,
proposed,2.0,0,114,57,0.1267061233520507,0.0330400466918945,7.892278396218605,160.21058997220382,3.077938175604133,160.21058997220382,3.077938175604133,6.63076788184891,3.5857906166986138,0.1811370980903298,2043.9006515182095,114,57,0.9375,1.0,16.0,15.0,1.0,0.0,0.0
proposed,5.181818181818182,0,114,22,0.1423368453979492,0.0252332687377929,7.025587768256159,238.7038221651832,10.137590284107514,238.7038221651832,10.137590284107514,15.773901886344287,11.405868455199888,0.3902467865591272,6501.345019463936,114,22,0.75,1.0,16.0,12.0,1.0,0.0,0.0
proposed,10.363636363636363,0,114,11,0.1360645294189453,0.0243549346923828,7.349454000028036,260.933249397795,78.01714648577824,311.47943717754185,78.01744699809983,35.068696512762,81.17087337166912,0.7040136142343622,46305.25210591505,114,11,0.6875,1.0,16.0,11.0,1.0,0.0,0.0
proposed,22.8,0,114,5,0.1334452629089355,0.0241832733154296,7.493709242286184,302.2236245949035,86.40694560176051,307.56657481717275,86.42766941957224,53.54596630854088,137.75037963535905,0.9904766181820018,80788.77070702157,114,5,0.8125,1.0,16.0,13.0,1.0,0.0,0.0
vw,2.0,1,126,63,0.0961778163909912,0.0064659118652343,10.397408025304973,27.78148701141546,0.6414731584824718,27.78148701141546,0.6415108272037864,35.455702918645855,47.83653020981016,1.5528204230667522,30029.134809828876,126,63,,,,,,,
vw,5.04,1,126,25,0.1153337955474853,0.0059728622436523,8.670485483054089,73.16682455756715,1.638853715977871,81.42961356576868,1.6388913846991855,29.40463729077837,33.493162642180394,1.5512286823115202,20707.203960936728,126,25,,,,,,,
vw,10.5,1,126,12,0.1179220676422119,0.0059728622436523,8.480176950713808,163.07683204339483,6.123930489828348,181.97497399037013,6.123930489828348,36.8297691243354,89.72846623011306,1.9340322258734168,56386.864230185856,126,12,,,,,,,
vw,21.0,1,126,6,0.1188700199127197,0.0059728622436523,8.412550117634789,243.49368759294708,8.834924454756722,243.49368759294708,8.834924454756722,42.49810599388903,63.854346575865854,1.7648597589035375,39009.08916847812,126,6,,,,,,,
squish,2.0,1,126,63,0.1262509822845459,0.0105133056640625,7.920730452189185,27.78148701141546,0.6414731584824718,27.78148701141546,0.6415108272037864,35.455702918645855,47.83653020981016,1.5528204230667522,30029.134809828876,126,63,,,,,,,
squish,5.04,1,126,25,0.1578307151794433,0.0105133056640625,6.335902355020469,73.16682455756715,1.638853715977871,81.42961356576868,1.6388913846991855,29.40463729077837,33.493162642180394,1.5512286823115202,20707.203960936728,126,25,,,,,,,
squish,10.5,1,126,12,0.1631200313568115,0.0105133056640625,6.130454927467388,163.07683204339483,6.123930489828348,181.97497399037013,6.123930489828348,36.8297691243354,89.72846623011306,1.9340322258734168,56386.864230185856,126,12,,,,,,,
squish,21.0,1,126,6,0.1675033569335937,0.0105133056640625,5.9700296060122975,243.49368759294708,8.834924454756722,243.49368759294708,8.834924454756722,42.49810599388903,63.854346575865854,1.7648597589035375,39009.08916847812,126,6,,,,,,,
rw,2.0,1,126,63,0.0882349014282226,0.0087842941284179,11.333383772332768,25.10506597432012,1.5164359221036672,27.867477447628048,1.5164359221036672,31.963190985169422,76.22872568360097,1.770899238862695,48191.48300215398,126,63,,,,,,,
rw,5.727272727272728,1,126,25,0.0681214332580566,0.0085344314575195,14.679667648973478,50.011523815871264,4.983826652271309,50.011523815871264,4.983826652271309,30.152661487719136,70.05557571102821,1.4241001378790898,43920.07514957913,126,22,,,,,,,
rw,18.0,1,126,12,0.0284674167633056,0.0068979263305664,35.12788000100502,158.55563480603936,21.70777909446661,158.55563480603936,21.70777909446661,33.04569500685529,94.40803855633268,1.4555082811419275,58818.38652971952,126,7,,,,,,,
rw,31.5,1,126,6,0.0186793804168701,0.0067758560180664,53.53496623993261,249.477458730853,31.80177101745316,249.477458730853,31.805888460133666,39.411393714719225,89.74939220374925,1.5757617682844935,55858.25629142447,126,4,,,,,,,
greedy_policy,2.0,1,126,63,0.0415625572204589,0.0260534286499023,24.06011725158611,65.02670200559562,0.831439939466511,65.69149170112412,0.831439939466511,46.59635833016648,89.26140378293447,2.216496190485384,57697.94399754421,126,63,,,,,,,
greedy_policy,5.04,1,126,25,0.04142427444458,0.0261392593383789,24.140434887709645,243.49368759294708,3.9479505343358112,243.49368759294708,3.9479505343358112,52.73588599974296,205.9162664469393,2.4849929535966475,130116.962533467,126,25,,,,,,,
greedy_policy,10.5,1,126,12,0.0426530838012695,0.0260572433471679,23.444963666852992,316.2639416864833,13.01471710566201,316.2639416864833,13.014754774383324,43.29921782877093,135.45814304020038,2.2434671352816675,86483.00019735297,126,12,,,,,,,
greedy_policy,21.0,1,126,6,0.0417852401733398,0.026010513305664,23.93189546958804,440.2215385502304,59.30687551961957,457.7549259594144,59.33654917344333,67.26612074107128,335.5733011048395,2.8159336290987835,209989.91536495488,126,6,,,,,,,
proposed,2.0,1,126,63,0.1426601409912109,0.0256614685058593,7.009666421552243,103.05956861709976,7.3343553576950065,104.08655398187108,7.3343553576950065,13.826463081412449,10.872939635712852,0.5233015356545038,6820.731535737727,126,63,0.945945945945946,1.0,37.0,35.0,1.0,2.0,2.0
proposed,5.04,1,126,25,0.1489622592926025,0.0256147384643554,6.713109781959785,432.9821219983308,59.34818235957008,437.99435281146776,59.34818235957008,31.789730331718168,70.83523271192283,1.0880665667876497,45494.94709579329,126,25,0.6216216216216216,1.0,37.0,23.0,1.0,2.0,2.0
proposed,10.5,1,126,12,0.1420342922210693,0.0272274017333984,7.040553266133432,437.5127963797113,58.74670858604563,437.5127963797113,58.7753078855292,38.60698117428042,86.30409147897228,1.281220124286866,54924.370223686674,126,12,0.7027027027027027,1.0,37.0,26.0,1.0,2.0,2.0
proposed,21.0,1,126,6,0.1468420028686523,0.026742935180664,6.810040591005033,437.5127963797113,58.773230090052905,437.5127963797113,58.80182938953647,40.4658466545368,86.4618324458505,1.285524185998913,55009.91974408255,126,6,0.918918918918919,1.0,37.0,34.0,1.0,2.0,2.0
vw,2.015625,2,129,64,0.0938711166381836,0.0064888000488281,10.65290406477634,25.032619064241544,0.4715687991265352,25.032619064241544,0.4715687991265352,56.28555814926824,543.7623633113477,2.326948118449656,15906564.961584711,129,64,,,,,,,
vw,5.16,2,129,25,0.1244382858276367,0.0059728622436523,8.036111983936605,50.50452566783434,2.078795525299197,50.50452566783434,2.078795525299197,63.10090183839968,548.0521417759524,2.327017829583641,15896022.827113034,129,25,,,,,,,
vw,10.75,2,129,12,0.1219246387481689,0.0059728622436523,8.20178768021995,154.95303691271712,8.317729799165841,154.95303691271712,8.317729799165841,62.39999213960924,537.7505793091239,2.321617728299949,15571150.476532595,129,12,,,,,,,
vw,21.5,2,129,6,0.1253480911254882,0.0059728622436523,7.977784033415248,240.3491360604016,22.19695337729253,240.3491360604016,22.19695337729253,50.71715047174653,509.7519313467032,2.2679979649370705,14708240.999657756,129,6,,,,,,,
squish,2.015625,2,129,64,0.1303868293762207,0.010833740234375,7.6694862877183745,25.032619064241544,0.4715687991265352,25.032619064241544,0.4715687991265352,56.28555814926824,543.7623633113477,2.326948118449656,15906564.961584711,129,64,,,,,,,
squish,5.16,2,129,25,0.1714282035827636,0.010833740234375,5.833345850335594,50.50452566783434,2.078795525299197,50.50452566783434,2.078795525299197,63.10090183839968,548.0521417759524,2.327017829583641,15896022.827113034,129,25,,,,,,,
squish,10.75,2,129,12,0.1756567955017089,0.010833740234375,5.692919520385256,154.95303691271712,8.317729799165841,154.95303691271712,8.317729799165841,62.39999213960924,537.7505793091239,2.321617728299949,15571150.476532595,129,12,,,,,,,
squish,21.5,2,129,6,0.1779830455780029,0.010833740234375,5.618512688961374,240.3491360604016,22.19695337729253,240.3491360604016,22.19695337729253,50.71715047174653,509.7519313467032,2.2679979649370705,14708240.999657756,129,6,,,,,,,
rw,2.015625,2,129,64,0.085170030593872,0.0089607238769531,11.741219217924636,16.89535072614275,2.6200432179371,16.89535072614275,2.6200432179371,60.58975342926132,521.8237696655057,2.4039344871281254,13493418.774067463,129,64,,,,,,,
rw,5.375,2,129,25,0.0650234222412109,0.0083827972412109,15.379073655803584,96.84728221086937,22.06879705406361,96.84728221086937,22.06879705406361,49.57020485935186,443.4149028242013,2.207497025386015,12701537.730549265,129,24,,,,,,,
rw,10.75,2,129,12,0.0282850265502929,0.0068979263305664,35.354394955999865,137.67445099093896,38.722341819847216,137.67445099093896,38.722341819847216,49.96704940241431,490.5981545138554,2.246778282377837,14122414.058470525,129,12,,,,,,,
rw,25.8,2,129,6,0.0284450054168701,0.007028579711914,35.15555667312061,888.4602928022715,341.3326161175827,888.4602928022715,341.3326161175827,60.39048288314801,535.7256822363806,2.3431465708490427,15511601.616698584,129,5,,,,,,,
greedy_policy,2.015625,2,129,64,0.044166088104248,0.0264453887939453,22.641806030899453,50.17146956390804,1.1009816489870123,50.17146956390804,1.1009816489870123,59.93560989073102,537.2348059171192,2.2946171758571103,15709677.922379283,129,64,,,,,,,
greedy_policy,5.16,2,129,25,0.0417838096618652,0.0278120040893554,23.932714802515207,338.2749371788504,28.47038606188414,338.2749371788504,28.47038606188414,52.45008944074082,530.9651541765346,2.3247670509981653,15360224.043377222,129,25,,,,,,,
greedy_policy,10.75,2,129,12,0.0423054695129394,0.0264921188354492,23.637605527439952,349.15218215737497,54.706310162096365,651.9546624706686,54.706310162096365,52.44658569947272,537.4299308949913,2.3607982747168696,15568200.750343394,129,12,,,,,,,
greedy_policy,21.5,2,129,6,0.0416781902313232,0.0264453887939453,23.99336426197436,382.50592407054177,66.60779353495424,741.3435636645752,66.60779353495424,57.88186425024382,510.2297764337371,2.184923383639044,14783196.755476784,129,6,,,,,,,
proposed,2.015625,2,129,64,0.1412179470062255,0.0262327194213867,7.081252922873288,92.43972433987275,4.958759517573276,92.43972433987275,4.958759517573276,9.968172773182818,6.390541020172558,0.2723387807171437,5803.477907855327,129,64,0.8780487804878049,1.0,41.0,36.0,1.0,1.0,1.0
proposed,5.16,2,129,25,0.1488149166107177,0.0264434814453125,6.719756478551688,398.5583578543359,94.81511064382131,741.3435636645752,94.81511064382131,37.11996242760336,247.8616824119117,1.6946298773637252,7030540.348915444,129,25,0.6585365853658537,1.0,41.0,27.0,1.0,1.0,1.0
proposed,10.75,2,129,12,0.3735105991363525,0.0277519226074218,2.6773001952615094,398.5583578543359,97.64445451733576,741.3435636645752,97.71345845574686,43.08298505500741,247.26170283127996,1.8221456244319776,7040453.160739629,129,12,0.7560975609756098,1.0,41.0,31.0,1.0,1.0,1.0
proposed,21.5,2,129,6,0.1522886753082275,0.0263929367065429,6.566476449913503,398.5583578543359,97.81855687298184,741.3435636645752,97.88756081139294,46.051317265625805,247.42802889758423,1.8338372343639944,7040540.325669164,129,6,0.8780487804878049,1.0,41.0,36.0,1.0,1.0,1.0
vw,2.0,3,132,66,0.0991663932800293,0.0065498352050781,10.084061413589655,41.969386786559575,0.3930746930275077,41.969386786559575,0.3935771119520592,36.02609035774534,107.9940762692566,1.5056498202229578,71650.63573361143,132,66,,,,,,,
vw,5.076923076923077,3,132,26,0.1261165142059326,0.0059728622436523,7.929175701503485,112.23965007847131,2.1065893488646297,112.23965007847131,2.1065893488646297,35.86513268616572,69.98576789082584,1.5147461614962356,45811.97133051668,132,26,,,,,,,
vw,10.153846153846152,3,132,13,0.1276421546936035,0.0059728622436523,7.8344023759269295,112.23965007847131,3.394182964366337,112.23965007847131,3.394182964366337,35.85578711017174,124.21371608357536,1.3585758244844928,81377.73246397647,132,13,,,,,,,
vw,22.0,3,132,6,0.1338486671447754,0.0059728622436523,7.471124078645961,294.1280317185044,7.997796132081382,294.1280317185044,7.997957664578404,29.57916871468576,79.59766484687219,1.207028950362203,51821.252859313725,132,6,,,,,,,
squish,2.0,3,132,66,0.1365504264831543,0.011138916015625,7.323301916771136,41.969386786559575,0.3930746930275077,41.969386786559575,0.3935771119520592,36.02609035774534,107.9940762692566,1.5056498202229578,71650.63573361143,132,66,,,,,,,
squish,5.076923076923077,3,132,26,0.174262523651123,0.011138916015625,5.738468484491935,112.23965007847131,2.1065893488646297,112.23965007847131,2.1065893488646297,35.86513268616572,69.98576789082584,1.5147461614962356,45811.97133051668,132,26,,,,,,,
squish,10.153846153846152,3,132,13,0.1846404075622558,0.011138916015625,5.415932585952652,112.23965007847131,3.394182964366337,112.23965007847131,3.394182964366337,35.85578711017174,124.21371608357536,1.3585758244844928,81377.73246397647,132,13,,,,,,,
squish,22.0,3,132,6,0.1822414398193359,0.011138916015625,5.487226181879075,294.1280317185044,7.997796132081382,294.1280317185044,7.997957664578404,29.57916871468576,79.59766484687219,1.207028950362203,51821.252859313725,132,6,,,,,,,
rw,2.0307692307692307,3,132,66,0.0906393527984619,0.0088968276977539,11.032735441343192,17.520926351411592,1.5260990179632976,17.520926351411592,1.5260990179632976,34.560539447585136,115.84302112298614,1.2697323078780631,76268.01106531653,132,65,,,,,,,
rw,5.28,3,132,26,0.0666806697845459,0.0085611343383789,14.996849960132868,36.30208340964796,3.1922186036227616,36.30208340964796,3.1922186036227616,34.42510991629426,112.04942196637816,1.1687323944615302,73710.41161329515,132,25,,,,,,,
rw,10.153846153846152,3,132,13,0.0287411212921142,0.0069484710693359,34.79335373997296,84.231527313749,7.87795917522148,84.231527313749,7.87795917522148,33.48703923071273,115.06689211968444,1.0811477720167852,75800.0500408267,132,13,,,,,,,
rw,33.0,3,132,6,0.0192809104919433,0.0069084167480468,51.8647706195128,284.4020063351595,57.27952207845093,284.4020063351595,57.28701625386661,39.03706682528514,207.69170776193465,1.2686303264791028,136715.20818978603,132,4,,,,,,,
greedy_policy,2.0,3,132,66,0.0426001548767089,0.0269699096679687,23.47409306126104,141.57471406168895,0.6579402796354741,141.57471406168895,0.6579402796354741,38.312064470045975,77.95557221948884,2.136292542862968,51121.14870808853,132,66,,,,,,,
greedy_policy,5.076923076923077,3,132,26,0.0435709953308105,0.027012825012207,22.95104787961696,180.24329505831577,2.754695444462178,180.24329505831577,2.754695444462178,45.7210789367383,109.24784953807855,2.2485764216565265,72140.689215416,132,26,,,,,,,
greedy_policy,10.153846153846152,3,132,13,0.0426392555236816,0.0268802642822265,23.45256707037497,367.4523231727111,18.697123763901043,367.4523231727111,18.697123763901043,35.072686110280664,217.47841458089653,2.88186634563694,145492.16885910765,132,13,,,,,,,
greedy_policy,22.0,3,132,6,0.0427377223968505,0.0272274017333984,23.3985328163789,367.4523231727111,64.20433174605974,367.4523231727111,64.20448400413451,52.54151321587005,195.7780659579008,2.0346817532501205,129958.42977032732,132,6,,,,,,,
proposed,2.0,3,132,66,0.1482188701629638,0.0267496109008789,6.7467792656934895,211.25607740055756,5.882060995456327,211.25607740055756,5.882060995456327,5.454917413644052,7.380143595401944,0.2609854206198395,4870.894772965284,132,66,1.0,1.0,25.0,25.0,1.0,1.0,1.0
proposed,5.076923076923077,3,132,26,0.1555523872375488,0.0267457962036132,6.428702366829442,378.8431561850406,47.23041848973156,378.8431561850406,47.23041848973156,27.46362315369032,51.04184324810411,0.6825684296357024,33681.35743619944,132,26,0.88,1.0,25.0,22.0,1.0,1.0,1.0
proposed,10.153846153846152,3,132,13,0.1561825275421142,0.0280189514160156,6.402764865809668,522.7757383819687,63.98248725907885,530.2939582599118,63.98281593799892,31.46934337193179,72.15939640691623,0.8295627577489462,47906.87455972977,132,13,0.8,1.0,25.0,20.0,1.0,1.0,1.0
proposed,22.0,3,132,6,0.1613438129425048,0.0270032882690429,6.197944512172596,655.443481044004,79.6539672068554,662.685569048247,79.6675149936136,38.20768331247322,189.44258213154356,1.1034740245320067,124760.82443308904,132,6,0.8,1.0,25.0,20.0,1.0,1.0,1.0
vw,2.0,4,142,71,0.1135845184326171,0.0067100524902343,8.804016725159947,38.39787492849016,0.7717192266670198,38.39787492849016,0.7717192266670198,47.604683020015045,71.77382666357596,1.867839857145465,63826.46224570972,142,71,,,,,,,
vw,5.071428571428571,4,142,28,0.1510763168334961,0.0059728622436523,6.6191711643468105,79.7333142249394,4.492738127873241,82.39296064276441,4.496874609783615,49.545583351921735,116.78290438962696,1.8526559938645,112164.5029289937,142,28,,,,,,,
vw,10.142857142857142,4,142,14,0.1496944427490234,0.0059728622436523,6.680274709172688,123.7617009470767,16.260511398348424,124.49321365420305,16.260511398348424,57.00050890655164,267.5970627916668,2.055837835782829,240025.0143840024,142,14,,,,,,,
vw,20.285714285714285,4,142,7,0.1566095352172851,0.0059728622436523,6.385307245900242,231.10214377288963,53.534512035123456,231.10214377288963,53.60428968289867,67.0064126948991,220.251470059519,1.4514056650732057,192942.3338629683,142,7,,,,,,,
squish,2.0,4,142,71,0.1588828563690185,0.0116729736328125,6.293945255348491,38.39787492849016,0.7717192266670198,38.39787492849016,0.7717192266670198,47.604683020015045,71.77382666357596,1.867839857145465,63826.46224570972,142,71,,,,,,,
squish,5.071428571428571,4,142,28,0.2075381278991699,0.0116729736328125,4.818391734196614,79.7333142249394,4.492738127873241,82.39296064276441,4.496874609783615,49.545583351921735,116.78290438962696,1.8526559938645,112164.5029289937,142,28,,,,,,,
squish,10.142857142857142,4,142,14,0.2132380008697509,0.0116729736328125,4.6895956439341,123.7617009470767,16.260511398348424,124.49321365420305,16.260511398348424,57.00050890655164,267.5970627916668,2.055837835782829,240025.0143840024,142,14,,,,,,,
squish,20.285714285714285,4,142,7,0.2122642993927002,0.0116729736328125,4.711107816345258,231.10214377288963,53.534512035123456,231.10214377288963,53.60428968289867,67.0064126948991,220.251470059519,1.4514056650732057,192942.3338629683,142,7,,,,,,,
rw,2.3666666666666667,4,142,71,0.087775707244873,0.0138797760009765,11.39267379766296,24.36661486408502,3.5622123007489943,24.36661486408502,3.5677870766707422,44.1029794063498,98.69641867960335,1.8288763297273236,102360.9961618947,142,60,,,,,,,
rw,5.071428571428571,4,142,28,0.0712995529174804,0.0088720321655273,14.025333386835737,59.87314445918347,11.912410713228017,59.87314445918347,11.914324646000011,48.92235889957097,183.0001983639444,2.0370395483569186,176318.84617951213,142,28,,,,,,,
rw,17.75,4,142,14,0.030597448348999,0.0071630477905273,32.682463864105664,160.64221143245587,34.43415429619128,218.4998542461295,34.43415429619128,38.69859504635989,186.9592859216245,1.7835910211748571,175308.60484233976,142,8,,,,,,,
rw,28.4,4,142,7,0.0205206871032714,0.0067949295043945,48.73131172301615,344.511999624056,38.50714077804484,386.3368638300957,38.50714077804484,42.05420193950815,101.92328631903148,1.6307446772284122,104270.91008790371,142,5,,,,,,,
greedy_policy,2.0,4,142,71,0.0456480979919433,0.028329849243164,21.906717782118644,123.7617009470767,1.298591281163564,123.7617009470767,1.298591281163564,48.86916342970856,94.57576789778555,2.471035217030217,99019.9577757473,142,71,,,,,,,
greedy_policy,5.071428571428571,4,142,28,0.0456240177154541,0.0284624099731445,21.91828010932217,242.4094802949488,14.53418777186745,253.4420666188525,14.53418777186745,79.45259548978645,193.1708739826863,2.6680111360313084,156543.92150736757,142,28,,,,,,,
greedy_policy,10.142857142857142,4,142,14,0.0457658767700195,0.0283765792846679,21.850340703077787,388.45448573925,29.438359358560525,405.59163785491256,29.4399307833803,70.10129700139908,145.98993278937238,2.5904808609169225,110134.89044935476,142,14,,,,,,,
greedy_policy,20.285714285714285,4,142,7,0.0467972755432128,0.0285053253173828,21.3687653478159,426.50779361667554,68.09059104301134,440.4371598554126,68.16036869078656,80.9674680170355,210.75101144405323,1.7829203059174792,172026.8795987859,142,7,,,,,,,
proposed,2.0,4,142,71,0.1573700904846191,0.0281639099121093,6.354447639449867,237.84942559648883,5.565974118147802,237.84942559648883,5.565974118147802,9.661778375791537,6.6756108502304015,0.2344933747496531,4739.683703663585,142,71,0.96,1.0,50.0,48.0,1.0,0.0,0.0
proposed,5.071428571428571,4,142,28,0.1641397476196289,0.0284061431884765,6.0923695479132896,388.45448573925,23.47930660113082,405.59163785491256,23.47930660113082,29.583840890824806,30.25849703081396,0.8069060021919874,21928.296572908963,142,28,0.76,1.0,50.0,38.0,1.0,0.0,0.0
proposed,10.142857142857142,4,142,14,0.1690788269042968,0.0283241271972656,5.914401101008505,426.50779361667554,44.67165226119379,426.50779361667554,44.67165226119379,41.12870236712748,58.42180066015872,1.190090297640989,41858.33167703967,142,14,0.78,1.0,50.0,39.0,1.0,0.0,0.0
proposed,20.285714285714285,4,142,7,0.1695649623870849,0.0282773971557617,5.897444766432276,622.4753998234431,61.81978081488662,622.4753998234431,61.81978081488662,43.926077260117616,71.75090100316068,1.5191336876001924,75128.51163713957,142,7,0.96,1.0,50.0,48.0,1.0,0.0,0.0
vw,2.014084507042253,5,143,71,0.1162147521972656,0.0067100524902343,8.604759560150994,39.72543786621693,0.3446533844194939,39.72543786621693,0.3446533844194939,43.46888548255078,401.2054878369573,1.9655057263478863,450864.5491278465,143,71,,,,,,,
vw,5.107142857142857,5,143,28,0.1477470397949218,0.0059728622436523,6.768325114249568,82.89535228409345,1.7790700585114747,82.89535228409345,1.7790700585114747,47.68265719205343,473.06269258746426,2.0808122198287733,520087.85103858553,143,28,,,,,,,
vw,10.214285714285714,5,143,14,0.1485781669616699,0.0059728622436523,6.730463973606426,166.14569326122935,6.011572726698946,166.14569326122935,6.011572726698946,47.64829269945878,501.3311661819346,2.0513543596123047,576431.4235806756,143,14,,,,,,,
vw,20.428571428571427,5,143,7,0.15081787109375,0.0059728622436523,6.630513961958721,417.5790772305128,7.672200184500554,423.78727235344087,7.672200184500554,36.7196341683498,196.2448677001384,1.7685211874207736,255049.9961333095,143,7,,,,,,,
squish,2.014084507042253,5,143,71,0.1675381660461425,0.0117340087890625,5.968789223373644,39.72543786621693,0.3446533844194939,39.72543786621693,0.3446533844194939,43.46888548255078,401.2054878369573,1.9655057263478863,450864.5491278465,143,71,,,,,,,
squish,5.107142857142857,5,143,28,0.2120976448059082,0.0117340087890625,4.714809544043291,82.89535228409345,1.7790700585114747,82.89535228409345,1.7790700585114747,47.68265719205343,473.06269258746426,2.0808122198287733,520087.85103858553,143,28,,,,,,,
squish,10.214285714285714,5,143,14,0.2231147289276123,0.0117340087890625,4.481999036130159,166.14569326122935,6.011572726698946,166.14569326122935,6.011572726698946,47.64829269945878,501.3311661819346,2.0513543596123047,576431.4235806756,143,14,,,,,,,
squish,20.428571428571427,5,143,7,0.2109355926513672,0.0117340087890625,4.740783608069373,417.5790772305128,7.672200184500554,423.78727235344087,7.672200184500554,36.7196341683498,196.2448677001384,1.7685211874207736,255049.9961333095,143,7,,,,,,,
rw,2.014084507042253,5,143,71,0.0941126346588134,0.0141811370849609,10.62556588310698,48.85937824754532,1.7461073552370991,54.21096034504168,1.7461073552370991,43.69680514670542,432.5262150402373,2.063682748203861,511649.9033337367,143,71,,,,,,,
rw,9.533333333333331,5,143,28,0.0414004325866699,0.0078420639038085,24.15433698443961,101.918782300236,13.161835150140163,101.918782300236,13.161835150140163,42.64046741349102,413.8878198649068,2.0847855863595504,513472.6616903102,143,15,,,,,,,
rw,15.88888888888889,5,143,14,0.0314776897430419,0.0069169998168945,31.768532194172405,130.83950608612784,20.33002085002023,130.83950608612784,20.33002085002023,42.19152415360757,451.2227564646569,2.03462251310961,535710.7445845947,143,9,,,,,,,
rw,23.83333333333333,5,143,7,0.0306446552276611,0.007883071899414,32.63211782188232,187.6284402222143,24.68245553215446,187.6284402222143,24.68245553215446,43.52162640206819,428.9237296095524,2.0624856806931007,530727.5312478831,143,6,,,,,,,
greedy_policy,2.014084507042253,5,143,71,0.0459208488464355,0.0285215377807617,21.776600936627105,163.61812910442134,1.4330534295809911,163.61812910442134,1.4330534295809911,41.567676517895606,326.91062773696774,2.961795677859432,345819.87565801,143,71,,,,,,,
greedy_policy,5.107142857142857,5,143,28,0.0472021102905273,0.0285215377807617,21.18549348419032,570.9646838118997,9.245131985374115,570.9646838118997,9.245131985374115,96.22710133090033,790.0769961234298,3.927849042727434,671036.7854471473,143,28,,,,,,,
greedy_policy,10.214285714285714,5,143,14,0.0459828376770019,0.0286073684692382,21.74724420063671,587.9813178788081,17.405463186527538,589.1174067115811,17.405463186527538,45.63151155234855,306.027720795038,3.018711298949772,322967.2640153148,143,14,,,,,,,
greedy_policy,20.428571428571427,5,143,7,0.046382188796997,0.0286073684692382,21.560000205612184,602.5662645017367,27.04273591859467,602.5662645017367,27.04273591859467,66.46982387727945,741.1628116198888,2.693566620664283,711134.9028280198,143,7,,,,,,,
proposed,2.014084507042253,5,143,71,0.1567723751068115,0.0282974243164062,6.378674810014736,523.3287100472512,2.2466734464758766,523.3287100472512,2.2466734464758766,3.4745525290607238,11.286899307922711,0.3909245506745432,8057.991303102861,143,71,1.0,1.0,36.0,36.0,1.0,4.0,4.0
proposed,5.107142857142857,5,143,28,0.1663272380828857,0.0284690856933593,6.0122443655420446,570.9646838118997,9.535425401224506,570.9646838118997,9.535425401224506,13.364734989395654,26.8441497273126,0.6704320961701538,19121.274422307662,143,28,0.9444444444444444,1.0,36.0,34.0,1.0,4.0,4.0
proposed,10.214285714285714,5,143,14,0.1759016513824463,0.028508186340332,5.684994951103642,705.8640971353261,159.26660330165743,705.8640971353261,159.26660330165743,37.04258116423459,260.9788425983889,1.6137973416781457,181904.23738243635,143,14,0.6111111111111112,0.75,36.0,22.0,0.75,4.0,3.0
proposed,20.428571428571427,5,143,7,0.1737182140350341,0.0283479690551757,5.756448772828896,814.5812392297328,173.999728087538,837.7779907012075,173.999728087538,40.28783707907488,279.4972288559915,1.83507463805172,206667.0458657327,143,7,0.5555555555555556,0.75,36.0,20.0,0.75,4.0,3.0
vw,2.013333333333333,6,151,75,0.1271865367889404,0.0068321228027343,7.8624674061174336,36.38320419328744,0.8920604723190753,36.38320419328744,0.8920604723190753,68.36437747560173,108.66123123664354,3.5315082299296847,122430.90758569588,151,75,,,,,,,
vw,5.033333333333333,6,151,30,0.1630959510803222,0.0059728622436523,6.131360057537635,52.58873724983718,2.9036356184551813,52.58873724983718,2.9036356184551813,61.37271548872003,62.18062938017635,2.09541665305916,90159.81628992,151,30,,,,,,,
vw,10.066666666666666,6,151,15,0.1667158603668213,0.0059728622436523,5.99822954936454,67.05102804403816,10.977837373658822,67.05102804403816,10.977837373658822,62.65735310324813,96.44859491774427,1.92546776580503,98847.22213934972,151,15,,,,,,,
vw,21.571428571428573,6,151,7,0.170102834701538,0.0059728622436523,5.878796798152112,221.11661750048708,12.267068033894413,221.11661750048708,12.267068033894413,64.32380783166815,158.31408254461007,2.4924414390886245,163934.35913882812,151,7,,,,,,,
squish,2.013333333333333,6,151,75,0.1820909976959228,0.0123443603515625,5.491759684187786,36.38320419328744,0.8920604723190753,36.38320419328744,0.8920604723190753,68.36437747560173,108.66123123664354,3.5315082299296847,122430.90758569588,151,75,,,,,,,
squish,5.033333333333333,6,151,30,0.2272043228149414,0.0123443603515625,4.401324709013142,52.58873724983718,2.9036356184551813,52.58873724983718,2.9036356184551813,61.37271548872003,62.18062938017635,2.09541665305916,90159.81628992,151,30,,,,,,,
squish,10.066666666666666,6,151,15,0.23744797706604,0.0123443603515625,4.211448808097766,67.05102804403816,10.977837373658822,67.05102804403816,10.977837373658822,62.65735310324813,96.44859491774427,1.92546776580503,98847.22213934972,151,15,,,,,,,
squish,21.571428571428573,6,151,7,0.2466156482696533,0.0123443603515625,4.054892732948498,221.11661750048708,12.267068033894413,221.11661750048708,12.267068033894413,64.32380783166815,158.31408254461007,2.4924414390886245,163934.35913882812,151,7,,,,,,,
rw,2.013333333333333,6,151,75,0.1649937629699707,0.0144233703613281,6.060835161278203,9.40528986811515,1.135210370354561,21.05725523193577,1.135210370354561,54.93439936164469,57.88021401493113,1.554674645727818,103049.15821782956,151,75,,,,,,,
rw,5.206896551724138,6,151,30,0.0856881141662597,0.0080976486206054,11.670229993155298,31.094129324734283,7.553761943284499,31.094129324734283,7.553761943284499,63.08738096797759,53.91832671066823,2.2574590191832598,61287.68599658478,151,29,,,,,,,
rw,13.727272727272728,6,151,15,0.0470826625823974,0.0071954727172851,21.23924062811742,112.75246054242888,10.073433780842588,112.75246054242888,10.073433780842588,62.582993595644325,68.0039598342777,2.130568968909776,78463.36855136344,151,11,,,,,,,
rw,25.166666666666668,6,151,7,0.0114216804504394,0.0066471099853515,87.5527908821442,481.6098394291031,11.45836969306238,481.6098394291031,11.45836969306238,64.13288117691222,135.15171281642276,2.6125438675355173,130961.41159321576,151,6,,,,,,,
greedy_policy,2.013333333333333,6,151,75,0.0485475063323974,0.0298099517822265,20.598380340138394,78.89684051413582,0.501598035053253,80.38253315779777,0.501598035053253,67.42744977798858,89.0557483756932,3.046664454675745,151863.9214133098,151,75,,,,,,,
greedy_policy,5.033333333333333,6,151,30,0.0497903823852539,0.0298099517822265,20.084200042138328,134.0340635926558,2.414031373932251,139.99451640023926,2.414031373932251,77.39441496954751,122.07132580309398,2.941656772950757,186477.3303123748,151,30,,,,,,,
greedy_policy,10.066666666666666,6,151,15,0.0505504608154296,0.0298099517822265,19.78221333433951,139.99451640023926,5.22696492877442,139.99451640023926,5.227072603790891,64.70999504284842,136.72241642814643,3.320298214083976,170809.83826982914,151,15,,,,,,,
greedy_policy,21.571428571428573,6,151,7,0.0502221584320068,0.0297670364379882,19.911529715590536,303.7479399341045,6.583608622565655,303.7479399341045,6.583608622565655,67.53193143641462,321.304930585937,3.000826408342474,329575.8425535684,151,7,,,,,,,
proposed,2.013333333333333,6,151,75,0.1623106002807617,0.0295467376708984,6.161027057199095,88.95819957380326,1.574535609830567,97.83812281595294,1.574535609830567,23.42035397725288,21.095284883398005,1.0405124443976532,22933.91547420977,151,75,0.8307692307692308,1.0,65.0,54.0,1.0,4.0,4.0
proposed,5.033333333333333,6,151,30,0.1753613948822021,0.0297536849975585,5.702509384529836,272.2705230196481,11.59824713418293,272.2705230196481,11.59824713418293,48.83119442751856,159.1391952719486,1.9935476007972923,135169.76628128364,151,30,0.4461538461538462,0.5,65.0,29.0,0.5,4.0,2.0
proposed,10.066666666666666,6,151,15,0.1768124103546142,0.0296831130981445,5.655711598492459,293.60859687028176,11.544022533413168,293.60859687028176,11.544022533413168,52.55282980303998,158.42054921330805,2.0333999419849627,135796.12005255852,151,15,0.6307692307692307,0.75,65.0,41.0,0.75,4.0,3.0
proposed,21.571428571428573,6,151,7,0.1804239749908447,0.0298471450805664,5.542500657413978,293.60859687028176,11.786128737576512,293.60859687028176,11.786128737576512,62.3101836900974,164.2587605648052,2.119296832096293,140430.2000234247,151,7,0.8153846153846154,0.75,65.0,53.0,0.75,4.0,3.0
vw,2.011363636363636,7,177,88,0.1752858161926269,0.0072212219238281,5.704968158410885,39.21868129858402,0.3592503512995258,39.21868129858402,0.3592503512995258,37.947481291232094,49.91862026327821,1.230823363568131,44133.75305838943,177,88,,,,,,,
vw,5.057142857142857,7,177,35,0.2292087078094482,0.0059728622436523,4.362835991516283,120.94079014874934,2.2872111446403807,120.94079014874934,2.2872111446403807,37.60315595332678,70.64071200873528,1.5785879007086288,62593.53144374584,177,35,,,,,,,
vw,10.411764705882351,7,177,17,0.2348871231079101,0.0059728622436523,4.257364076704142,173.56618949665108,5.731764245604578,173.56618949665108,5.731764245604578,47.44057177583902,107.12759275841302,1.6670005716312195,93652.21965701772,177,17,,,,,,,
vw,22.125,7,177,8,0.2361950874328613,0.0059728622436523,4.23378830977698,283.7548359462078,9.373526483604463,283.7548359462078,9.374952091055212,60.20550118288079,96.48049224508614,1.2174193642509032,84444.01589170643,177,8,,,,,,,
squish,2.011363636363636,7,177,88,0.2474207878112793,0.01434326171875,4.041697582673417,39.21868129858402,0.3592503512995258,39.21868129858402,0.3592503512995258,37.947481291232094,49.91862026327821,1.230823363568131,44133.75305838943,177,88,,,,,,,
squish,5.057142857142857,7,177,35,0.3205499649047851,0.01434326171875,3.119638463529503,120.94079014874934,2.2872111446403807,120.94079014874934,2.2872111446403807,37.60315595332678,70.64071200873528,1.5785879007086288,62593.53144374584,177,35,,,,,,,
squish,10.411764705882351,7,177,17,0.3292126655578613,0.01434326171875,3.037550205747608,173.56618949665108,5.731764245604578,173.56618949665108,5.731764245604578,47.44057177583902,107.12759275841302,1.6670005716312195,93652.21965701772,177,17,,,,,,,
squish,22.125,7,177,8,0.3322665691375732,0.01434326171875,3.009631702026439,283.7548359462078,9.373526483604463,283.7548359462078,9.374952091055212,60.20550118288079,96.48049224508614,1.2174193642509032,84444.01589170643,177,8,,,,,,,
rw,2.011363636363636,7,177,88,0.1431834697723388,0.0155792236328125,6.984046423724721,115.47556029850648,4.42458750866515,115.47556029850648,4.42458750866515,43.96721337029612,119.4126926059179,1.3194156079115162,105275.09970473096,177,88,,,,,,,
rw,5.205882352941177,7,177,35,0.0814001560211181,0.0079660415649414,12.284988738112045,147.10540282800392,12.237913118324792,147.10540282800392,12.237988319733033,41.20062320682462,130.70117782242198,1.1834667187069845,114669.84486811198,177,34,,,,,,,
rw,10.411764705882351,7,177,17,0.0743646621704101,0.0083532333374023,13.44724726521923,147.10540282800392,16.8940923854772,147.10540282800392,16.89416758688544,39.95828872164216,111.53704561073252,1.1937409145477451,98094.75941449017,177,17,,,,,,,
rw,25.285714285714285,7,177,8,0.0302226543426513,0.0068655014038085,33.08776220190434,181.31607572202643,39.640057136407165,181.31607572202643,39.64958899034959,49.3648855917848,145.07707419452132,1.2587988210030463,127623.08476561516,177,7,,,,,,,
greedy_policy,2.011363636363636,7,177,88,0.0583045482635498,0.0334501266479492,17.151320605037068,79.85435594034122,0.6516414455797412,79.85435594034122,0.6516414455797412,50.65181071400711,105.0049739391302,1.7766160361080574,92905.41515721712,177,88,,,,,,,
greedy_policy,5.057142857142857,7,177,35,0.0571558475494384,0.033578872680664,17.496022592177,190.97837738847775,9.304458843863175,190.97837738847775,9.304458843863175,60.78937652204069,326.7972075297905,2.8043185362496987,289434.7363473108,177,35,,,,,,,
greedy_policy,10.411764705882351,7,177,17,0.0580260753631591,0.0334930419921875,17.233631496554757,230.1250512150291,19.02176875735645,230.1250512150291,19.02176875735645,68.5502745316618,244.42716745871363,2.4942519890189034,216546.77781571427,177,17,,,,,,,
greedy_policy,22.125,7,177,8,0.0575857162475585,0.0335359573364257,17.36541741880993,328.2440269278402,70.8136793638499,371.1036816992133,70.8136793638499,63.38843351706538,135.9399078657215,1.7694446158314183,120343.63727425443,177,8,,,,,,,
proposed,2.011363636363636,7,177,88,0.1958675384521484,0.0345230102539062,5.105491230974477,191.8294203738377,2.371281413963854,191.8294203738377,2.371281413963854,5.532956788570899,3.47796544492751,0.2336294030027201,3077.9994187608463,177,88,0.95,1.0,40.0,38.0,1.0,2.0,2.0
proposed,5.057142857142857,7,177,35,0.2062523365020752,0.033522605895996,4.848429923071143,660.0016470894717,51.91018839532377,701.5842379299829,51.91018839532377,34.95885850184649,93.1859393356275,0.8556539697169392,82468.5058325668,177,35,0.575,1.0,40.0,23.0,1.0,2.0,2.0
proposed,10.411764705882351,7,177,17,0.2066993713378906,0.0334558486938476,4.837944080465073,666.8489397578868,53.74266573133815,668.3030594535165,53.75758865617359,42.77624664687593,131.58164805486982,1.1021553112317006,116936.30600398712,177,17,0.625,1.0,40.0,25.0,1.0,2.0,2.0
proposed,22.125,7,177,8,0.2106685638427734,0.0334482192993164,4.746792695403392,666.8489397578868,53.92465771595481,668.3030594535165,53.93958064079025,45.39336839507286,131.81023336961778,1.1090439598157662,117116.04649724362,177,8,0.775,1.0,40.0,31.0,1.0,2.0,2.0
vw,2.0,8,180,90,0.1891512870788574,0.0072822570800781,5.286773436456177,24.41863291566513,0.4441916656271162,24.41863291566513,0.4441916656271162,53.14135284597268,134.89116149863204,1.1913810913939282,159821.53916223414,180,90,,,,,,,
vw,5.0,8,180,36,0.2371585369110107,0.0059728622436523,4.216588671126906,77.89870421450884,1.748639431655504,77.89870421450884,1.748639431655504,57.148321591430985,175.51939340823273,1.476791272475891,207687.79670581876,180,36,,,,,,,
vw,10.0,8,180,18,0.2469849586486816,0.0059728622436523,4.048829554120452,133.94183352278452,3.7819718158294657,133.94183352278452,3.7819718158294657,56.696420854739934,208.0381516502439,1.4020366648638525,243750.2940431683,180,18,,,,,,,
vw,20.0,8,180,9,0.2416481971740722,0.0059728622436523,4.138247302046478,170.71464899576696,9.170761763711097,170.71464899576696,9.170761763711097,51.2452523000385,112.56842626993712,0.8701609706980109,132317.52416151785,180,9,,,,,,,
squish,2.0,8,180,90,0.2549004554748535,0.014495849609375,3.923100090727975,24.41863291566513,0.4441916656271162,24.41863291566513,0.4441916656271162,53.14135284597268,134.89116149863204,1.1913810913939282,159821.53916223414,180,90,,,,,,,
squish,5.0,8,180,36,0.3302583694458008,0.014495849609375,3.027932347870783,77.89870421450884,1.748639431655504,77.89870421450884,1.748639431655504,57.148321591430985,175.51939340823273,1.476791272475891,207687.79670581876,180,36,,,,,,,
squish,10.0,8,180,18,0.3351137638092041,0.014495849609375,2.9840612591768885,133.94183352278452,3.7819718158294657,133.94183352278452,3.7819718158294657,56.696420854739934,208.0381516502439,1.4020366648638525,243750.2940431683,180,18,,,,,,,
squish,20.0,8,180,9,0.3466858863830566,0.014495849609375,2.8844554661076978,170.71464899576696,9.170761763711097,170.71464899576696,9.170761763711097,51.2452523000385,112.56842626993712,0.8701609706980109,132317.52416151785,180,9,,,,,,,
rw,2.02247191011236,8,180,90,0.1188864707946777,0.0154571533203125,8.411386033378388,13.422571460711724,1.3638733238312712,13.422571460711724,1.3638733238312712,58.83910849004084,184.77233919148784,1.3814844085531772,222401.5780294973,180,89,,,,,,,
rw,5.142857142857143,8,180,36,0.1017951965332031,0.008763313293457,9.823646243207795,36.66765295342404,4.559333158823957,36.66765295342404,4.559333158823957,51.62758925539561,206.39486386541708,1.3999720723613267,247590.19926503176,180,35,,,,,,,
rw,10.588235294117649,8,180,18,0.066277265548706,0.0080652236938476,15.088130020468585,91.09767355899844,9.033795823941606,91.09767355899844,9.033795823941606,50.95918474680927,218.28748902419972,1.4332110627715324,264867.21602180344,180,17,,,,,,,
rw,20.0,8,180,9,0.0500991344451904,0.0072317123413085,19.96042468745687,114.34190564843426,19.19322589744414,114.34190564843426,19.19322589744414,55.814563333741496,213.86013258551688,1.2873875646194513,262080.13484854097,180,9,,,,,,,
greedy_policy,2.0,8,180,90,0.0575766563415527,0.0339279174804687,17.368149933331676,69.07087228051789,0.6084897298812866,69.07087228051789,0.6084897298812866,44.00507610902419,34.42932392383885,1.4514910358057045,39051.064955324,180,90,,,,,,,
greedy_policy,5.0,8,180,36,0.0580873489379882,0.0338382720947265,17.215452560376956,137.11817392268824,3.079146271434844,137.11817392268824,3.079146271434844,49.648652222569865,47.48030658044523,1.639343999819926,54640.23239199306,180,36,,,,,,,
greedy_policy,10.0,8,180,18,0.0583572387695312,0.0338850021362304,17.135834749640477,274.47055260717565,12.6706947534266,274.47055260717565,12.6706947534266,56.68223154003592,142.8706388030217,1.666859346837314,133076.03742783575,180,18,,,,,,,
greedy_policy,20.0,8,180,9,0.0577988624572753,0.0338850021362304,17.301378565005404,274.47055260717565,22.49532358525417,274.47055260717565,22.49532358525417,46.95361374281718,67.37827555208781,1.0266620331814127,67835.67770804824,180,9,,,,,,,
proposed,2.0,8,180,90,0.1933126449584961,0.034891128540039,5.172967346314559,186.1410087435925,2.523151270045239,186.1410087435925,2.523151270045239,7.727655015102424,5.3048349087190765,0.3210324637011376,4766.3531975525975,180,90,1.0,1.0,47.0,47.0,1.0,4.0,4.0
proposed,5.0,8,180,36,0.212148904800415,0.0338716506958007,4.713670338957336,544.0401437704768,29.28589092194221,544.0401437704768,29.28589092194221,25.28155034082401,36.0360940009403,0.7134295714314457,37432.95972970012,180,36,0.7872340425531915,0.75,47.0,37.0,0.75,4.0,3.0
proposed,10.0,8,180,18,0.2116239070892334,0.0340080261230468,4.725364037336007,544.0401437704768,43.1898422214226,599.0974684091093,43.1898422214226,30.69204778925152,84.1096473687986,0.8372539160934969,94115.33413224472,180,18,0.7659574468085106,0.75,47.0,36.0,0.75,4.0,3.0
proposed,20.0,8,180,9,0.2179992198944091,0.0341367721557617,4.587172378343204,544.0401437704768,140.7654101807055,544.170085803902,140.7654101807055,70.45020576257257,307.80245912610786,1.3098747310094565,370513.24842531845,180,9,0.4042553191489361,0.25,47.0,19.0,0.25,4.0,1.0
vw,2.0096153846153846,9,209,104,0.2477498054504394,0.0077095031738281,4.036330112073661,6.492670454552929,0.1314742377083979,6.749523531187151,0.1314742377083979,86.01038870254968,22.84302029103837,0.4576126638735736,82210.14258524698,209,104,,,,,,,
vw,5.097560975609756,9,209,41,0.315934419631958,0.0059728622436523,3.1652138477502123,16.596008991294674,1.186911409090761,16.596008991294674,1.186911409090761,80.10509913989893,31.692151859918766,0.5951339555249618,78807.90409527176,209,41,,,,,,,
vw,10.45,9,209,20,0.3694651126861572,0.0059728622436523,2.706615498090213,25.220438203152547,3.999366908733784,30.53487115422947,3.999366908733784,93.00033538007342,77.85775419067905,0.5192619199468963,130334.36493550056,209,20,,,,,,,
vw,20.9,9,209,10,0.3302977085113525,0.0059728622436523,3.027571715550153,53.382347448967806,21.109629316512645,74.5661772657029,21.109629316512645,89.78054206357581,111.1394641011373,0.4834513121257022,211705.4036733893,209,10,,,,,,,
squish,2.0096153846153846,9,209,104,0.3534705638885498,0.01654052734375,2.829089893650388,6.492670454552929,0.1314742377083979,6.749523531187151,0.1314742377083979,86.01038870254968,22.84302029103837,0.4576126638735736,82210.14258524698,209,104,,,,,,,
squish,5.097560975609756,9,209,41,0.4405550956726074,0.01654052734375,2.2698636556984386,16.596008991294674,1.186911409090761,16.596008991294674,1.186911409090761,80.10509913989893,31.692151859918766,0.5951339555249618,78807.90409527176,209,41,,,,,,,
squish,10.45,9,209,20,0.4632105827331543,0.01654052734375,2.158845322789351,25.220438203152547,3.999366908733784,30.53487115422947,3.999366908733784,93.00033538007342,77.85775419067905,0.5192619199468963,130334.36493550056,209,20,,,,,,,
squish,20.9,9,209,10,0.4627749919891357,0.01654052734375,2.16087735359623,53.382347448967806,21.109629316512645,74.5661772657029,21.109629316512645,89.78054206357581,111.1394641011373,0.4834513121257022,211705.4036733893,209,10,,,,,,,
rw,2.0096153846153846,9,209,104,0.2002546787261963,0.0162734985351562,4.9936411291906815,5.46215352956426,0.5506043865778353,5.46215352956426,0.5506043865778353,90.44428578067536,22.543204981782285,0.4425804046555646,80013.85816280823,209,104,,,,,,,
rw,5.358974358974359,9,209,41,0.1793649196624755,0.0085201263427734,5.575226202993177,11.81107022734606,2.6104390972954725,11.81107022734606,2.6104390972954725,92.02896110530202,44.82497176866715,0.6165871303385976,95795.58909016236,209,39,,,,,,,
rw,12.294117647058824,9,209,20,0.1185688972473144,0.0079202651977539,8.433914991333443,20.159871588256177,3.1834537912998253,23.351555869607395,3.1834537912998253,94.95696808053064,87.19959021589463,0.4765284065935307,166795.13624252984,209,17,,,,,,,
rw,20.9,9,209,10,0.0859498977661132,0.0074424743652343,11.634685159500693,71.81411155551339,5.084996157780644,71.81411155551339,5.084996157780644,82.42754874753558,67.3537506122406,0.4807524950900225,138425.26567913598,209,10,,,,,,,
greedy_policy,2.0096153846153846,9,209,104,0.0691864490509033,0.0381317138671875,14.45369741788972,16.77487812295244,0.2342139622108971,26.663117516615117,0.2342139622108971,85.791197194171,16.898601804355074,0.5472855615594386,64004.42532935605,209,104,,,,,,,
greedy_policy,5.097560975609756,9,209,41,0.0670993328094482,0.0380887985229492,14.90327784390712,71.81411155551339,1.7515746395788396,71.81411155551339,1.7515746395788396,81.22232054584875,18.26778790181066,0.5329865886717483,68193.67884753994,209,41,,,,,,,
greedy_policy,10.45,9,209,20,0.0671381950378418,0.0381317138671875,14.894651240420744,71.81411155551339,4.859584989302418,71.81411155551339,4.859712972644812,86.7137518767639,47.34702082440479,0.6980791191256686,94761.22132638292,209,20,,,,,,,
greedy_policy,20.9,9,209,10,0.0715057849884033,0.0381317138671875,13.98488248415395,71.81411155551339,6.64638712789656,71.81411155551339,6.64638712789656,92.70303779519185,82.76562085556947,0.5166243753956609,182516.13997402944,209,10,,,,,,,
proposed,2.0096153846153846,9,209,104,0.226764440536499,0.037825584411621,4.409862488290109,58.14289891010969,7.035014735825325,72.5992747406627,7.035014735825325,39.86959635069764,20.09492275613426,0.3027781026095582,22510.922012691404,209,104,0.6637168141592921,0.5,113.0,75.0,0.5,6.0,3.0
proposed,5.097560975609756,9,209,41,0.2298307418823242,0.0379505157470703,4.35102802962717,58.14289891010969,7.319126618972771,72.5992747406627,7.319126618972771,58.57191418340566,20.46081102449753,0.3604863149259879,22788.02843370875,209,41,0.6902654867256637,0.5,113.0,78.0,0.5,6.0,3.0
proposed,10.45,9,209,20,0.2434339523315429,0.038125991821289,4.107890417184115,58.14289891010969,9.579033050319287,62.47223230879505,9.579033050319287,72.88834085071174,22.61655899587926,0.399156205275366,24680.44907382945,209,20,0.504424778761062,0.6666666666666666,113.0,57.0,0.6666666666666666,6.0,4.0
proposed,20.9,9,209,10,0.2431948184967041,0.0391149520874023,4.111929712077942,58.14289891010969,14.923816737307728,66.87026666712993,14.923816737307728,74.26485029918113,55.28369256303111,0.4333690729642495,81237.9815267313,209,10,0.5575221238938053,0.6666666666666666,113.0,63.0,0.6666666666666666,6.0,4.0
